<?xml version="1.0" encoding="utf-8"?>
<TableLayout xmlns:android="http://schemas.android.com/apk/res/android"
    android:layout_width="match_parent"
    android:layout_height="match_parent"
    android:gravity="center_vertical"
    android:stretchColumns="0">

    <TableRow>
        <TextView
            android:id="@+id/tvTop"
            android:layout_gravity="center"
            android:layout_span="2"
            android:text="## 우승 그림 : "
            android:textSize="15dp" />
    </TableRow>
    <TableRow>
        <ImageView
            android:id="@+id/ivTop"
            android:layout_width="wrap_content"
            android:layout_height="wrap_content"
            android:layout_margin="10dp"
            android:layout_span="2"
            android:src="@drawable/pic1" />
    </TableRow>
    <TableRow>
        <TextView
            android:id="@+id/tv1"
            android:layout_gravity="center_vertical"
            android:text="그림1"
            android:textSize="15dp" />
        <RatingBar
            android:id="@+id/rbar1"
            style="?android:attr/ratingBarStyleSmall"
            android:layout_width="match_parent"
            android:layout_height="wrap_content"
            android:layout_gravity="right" >
        </RatingBar>
    </TableRow>
    <TableRow>
        <TextView
            android:id="@+id/tv2"
            android:layout_gravity="center_vertical"
            android:text="그림2"
            android:textSize="15dp" />
        <RatingBar
            android:id="@+id/rbar2"
            style="?android:attr/ratingBarStyleSmall"
            android:layout_width="match_parent"
            android:layout_height="wrap_content"
            android:layout_gravity="right" >
        </RatingBar>
    </TableRow>
    <TableRow>
        <TextView
            android:id="@+id/tv3"
            android:layout_gravity="center_vertical"
            android:text="그림3"
            android:textSize="15dp" />
        <RatingBar
            android:id="@+id/rbar3"
            style="?android:attr/ratingBarStyleSmall"
            android:layout_width="match_parent"
            android:layout_height="wrap_content"
            android:layout_gravity="right" >
        </RatingBar>
    </TableRow>
    <TableRow>
        <TextView
            android:id="@+id/tv4"
            android:layout_gravity="center_vertical"
            android:text="그림4"
            android:textSize="15dp" />
        <RatingBar
            android:id="@+id/rbar4"
            style="?android:attr/ratingBarStyleSmall"
            android:layout_width="match_parent"
            android:layout_height="wrap_content"
            android:layout_gravity="right" >
        </RatingBar>
    </TableRow>
    <TableRow>
        <TextView
            android:id="@+id/tv5"
            android:layout_gravity="center_vertical"
            android:text="그림5"
            android:textSize="15dp" />
        <RatingBar
            android:id="@+id/rbar5"
            style="?android:attr/ratingBarStyleSmall"
            android:layout_width="match_parent"
            android:layout_height="wrap_content"
            android:layout_gravity="right" >
        </RatingBar>
    </TableRow>
    <TableRow>
        <TextView
            android:id="@+id/tv6"
            android:layout_gravity="center_vertical"
            android:text="그림6"
            android:textSize="15dp" />
        <RatingBar
            android:id="@+id/rbar6"
            style="?android:attr/ratingBarStyleSmall"
            android:layout_width="match_parent"
            android:layout_height="wrap_content"
            android:layout_gravity="right" >
        </RatingBar>
    </TableRow>
    <TableRow>
        <TextView
            android:id="@+id/tv7"
            android:layout_gravity="center_vertical"
            android:text="그림7"
            android:textSize="15dp" />
        <RatingBar
            android:id="@+id/rbar7"
            style="?android:attr/ratingBarStyleSmall"
            android:layout_width="match_parent"
            android:layout_height="wrap_content"
            android:layout_gravity="right" >
        </RatingBar>
    </TableRow>
    <TableRow>
        <TextView
            android:id="@+id/tv8"
            android:layout_gravity="center_vertical"
            android:text="그림8"
            android:textSize="15dp" />
        <RatingBar
            android:id="@+id/rbar8"
            style="?android:attr/ratingBarStyleSmall"
            android:layout_width="match_parent"
            android:layout_height="wrap_content"
            android:layout_gravity="right" >
        </RatingBar>
    </TableRow>
    <TableRow>
        <TextView
            android:id="@+id/tv9"
            android:layout_gravity="center_vertical"
            android:text="그림9"
            android:textSize="15dp" />
        <RatingBar
            android:id="@+id/rbar9"
            style="?android:attr/ratingBarStyleSmall"
            android:layout_width="match_parent"
            android:layout_height="wrap_content"
            android:layout_gravity="right" >
        </RatingBar>
    </TableRow>
    <TableRow>
        <Button
            android:id="@+id/btnReturn"
            android:layout_width="wrap_content"
            android:layout_height="wrap_content"
            android:layout_span="2"
            android:text="돌아가기" />
    </TableRow>
</TableLayout>